{
  "__inputs": [
    {
      "name": "DS_LXD",
      "label": "LXD",
      "description": "Prometheus instance for LXD",
      "type": "datasource",
      "pluginId": "prometheus",
      "pluginName": "Prometheus"
    }
  ],
  "__elements": [],
  "__requires": [
    {
      "type": "grafana",
      "id": "grafana",
      "name": "Grafana",
      "version": "8.4.3"
    },
    {
      "type": "panel",
      "id": "piechart",
      "name": "Pie chart",
      "version": ""
    },
    {
      "type": "datasource",
      "id": "prometheus",
      "name": "Prometheus",
      "version": "1.0.0"
    },
    {
      "type": "panel",
      "id": "stat",
      "name": "Stat",
      "version": ""
    },
    {
      "type": "panel",
      "id": "timeseries",
      "name": "Time series",
      "version": ""
    }
  ],
  "annotations": {
    "list": [
      {
        "builtIn": 1,
        "datasource": "-- Grafana --",
        "enable": true,
        "hide": true,
        "iconColor": "rgba(0, 211, 255, 1)",
        "name": "Annotations & Alerts",
        "target": {
          "limit": 100,
          "matchAny": false,
          "tags": [],
          "type": "dashboard"
        },
        "type": "dashboard"
      }
    ]
  },
  "description": "Overview of LXD instances",
  "editable": false,
  "fiscalYearStartMonth": 0,
  "gnetId": 15726,
  "graphTooltip": 0,
  "id": null,
  "iteration": 1646671114502,
  "links": [
    {
      "icon": "external link",
      "tags": [],
      "targetBlank": true,
      "title": "Documentation",
      "type": "link",
      "url": "https://linuxcontainers.org/lxd/docs/latest/"
    }
  ],
  "liveNow": false,
  "panels": [
    {
      "collapsed": false,
      "datasource": {
        "type": "prometheus",
        "uid": "${DS_LXD}"
      },
      "gridPos": {
        "h": 1,
        "w": 24,
        "x": 0,
        "y": 0
      },
      "id": 319,
      "panels": [],
      "title": "Project overview",
      "type": "row"
    },
    {
      "datasource": {
        "type": "prometheus",
        "uid": "${DS_LXD}"
      },
      "description": "",
      "fieldConfig": {
        "defaults": {
          "color": {
            "mode": "palette-classic"
          },
          "custom": {
            "hideFrom": {
              "legend": false,
              "tooltip": false,
              "viz": false
            }
          },
          "decimals": 0,
          "mappings": [],
          "unit": "s"
        },
        "overrides": [
          {
            "matcher": {
              "id": "byName",
              "options": "Others"
            },
            "properties": [
              {
                "id": "color",
                "value": {
                  "fixedColor": "#81787be0",
                  "mode": "fixed"
                }
              }
            ]
          }
        ]
      },
      "gridPos": {
        "h": 7,
        "w": 6,
        "x": 0,
        "y": 1
      },
      "id": 350,
      "links": [],
      "options": {
        "displayLabels": [],
        "legend": {
          "calcs": [],
          "displayMode": "hidden",
          "placement": "bottom",
          "values": [
            "value"
          ]
        },
        "pieType": "donut",
        "reduceOptions": {
          "calcs": [
            "lastNotNull"
          ],
          "fields": "",
          "limit": 3,
          "values": false
        },
        "tooltip": {
          "mode": "multi",
          "sort": "none"
        }
      },
      "pluginVersion": "7.4.1",
      "targets": [
        {
          "exemplar": true,
          "expr": "topk(${top}, sum by (name) (increase(lxd_cpu_seconds_total{mode!=\"idle\",job=\"$job\",project=\"$project\"}[$__range])))",
          "instant": true,
          "interval": "",
          "legendFormat": "{{name}}",
          "refId": "A"
        },
        {
          "exemplar": true,
          "expr": "sum(sum by (name) (increase(lxd_cpu_seconds_total{mode!=\"idle\",job=\"$job\",project=\"$project\"}[$__range]))) - sum(topk(${top}, sum by (name) (increase(lxd_cpu_seconds_total{mode!=\"idle\",job=\"$job\",project=\"$project\"}[$__range]))))",
          "hide": false,
          "instant": true,
          "interval": "",
          "legendFormat": "Others",
          "refId": "B"
        }
      ],
      "title": "Top ${top} CPU usage",
      "transparent": true,
      "type": "piechart"
    },
    {
      "datasource": {
        "type": "prometheus",
        "uid": "${DS_LXD}"
      },
      "description": "",
      "fieldConfig": {
        "defaults": {
          "color": {
            "mode": "palette-classic"
          },
          "custom": {
            "hideFrom": {
              "legend": false,
              "tooltip": false,
              "viz": false
            }
          },
          "decimals": 0,
          "mappings": [],
          "unit": "bytes"
        },
        "overrides": [
          {
            "matcher": {
              "id": "byName",
              "options": "Others"
            },
            "properties": [
              {
                "id": "color",
                "value": {
                  "fixedColor": "#81787be0",
                  "mode": "fixed"
                }
              }
            ]
          }
        ]
      },
      "gridPos": {
        "h": 7,
        "w": 6,
        "x": 6,
        "y": 1
      },
      "id": 364,
      "links": [],
      "options": {
        "displayLabels": [],
        "legend": {
          "calcs": [],
          "displayMode": "hidden",
          "placement": "bottom",
          "values": [
            "value"
          ]
        },
        "pieType": "donut",
        "reduceOptions": {
          "calcs": [
            "lastNotNull"
          ],
          "fields": "",
          "limit": 3,
          "values": false
        },
        "tooltip": {
          "mode": "multi",
          "sort": "none"
        }
      },
      "pluginVersion": "7.4.1",
      "targets": [
        {
          "exemplar": true,
          "expr": "topk(${top}, lxd_memory_MemTotal_bytes{job=\"$job\",project=\"$project\"} - lxd_memory_MemFree_bytes - lxd_memory_Cached_bytes)",
          "instant": true,
          "interval": "",
          "legendFormat": "{{name}}",
          "refId": "A"
        },
        {
          "exemplar": true,
          "expr": "sum(lxd_memory_MemTotal_bytes{job=\"$job\",project=\"$project\"} - lxd_memory_MemFree_bytes - lxd_memory_Cached_bytes) -\nsum(topk(${top}, lxd_memory_MemTotal_bytes{job=\"$job\",project=\"$project\"} - lxd_memory_MemFree_bytes - lxd_memory_Cached_bytes))",
          "hide": false,
          "instant": true,
          "interval": "",
          "legendFormat": "Others",
          "refId": "B"
        }
      ],
      "title": "Top ${top} memory usage",
      "transparent": true,
      "type": "piechart"
    },
    {
      "datasource": {
        "type": "prometheus",
        "uid": "${DS_LXD}"
      },
      "description": "",
      "fieldConfig": {
        "defaults": {
          "color": {
            "mode": "palette-classic"
          },
          "custom": {
            "hideFrom": {
              "legend": false,
              "tooltip": false,
              "viz": false
            }
          },
          "decimals": 0,
          "mappings": [],
          "unit": "bytes"
        },
        "overrides": [
          {
            "matcher": {
              "id": "byName",
              "options": "Others"
            },
            "properties": [
              {
                "id": "color",
                "value": {
                  "fixedColor": "#81787be0",
                  "mode": "fixed"
                }
              }
            ]
          }
        ]
      },
      "gridPos": {
        "h": 7,
        "w": 6,
        "x": 12,
        "y": 1
      },
      "id": 351,
      "links": [],
      "options": {
        "displayLabels": [],
        "legend": {
          "calcs": [],
          "displayMode": "hidden",
          "placement": "bottom",
          "values": [
            "value"
          ]
        },
        "pieType": "donut",
        "reduceOptions": {
          "calcs": [
            "lastNotNull"
          ],
          "fields": "",
          "limit": 3,
          "values": false
        },
        "tooltip": {
          "mode": "multi",
          "sort": "none"
        }
      },
      "pluginVersion": "7.4.1",
      "targets": [
        {
          "exemplar": true,
          "expr": "topk(${top}, lxd_filesystem_size_bytes{job=\"$job\",project=\"$project\",mountpoint=\"/\"} - lxd_filesystem_avail_bytes)",
          "hide": false,
          "instant": true,
          "interval": "",
          "legendFormat": "{{name}}",
          "refId": "A"
        },
        {
          "exemplar": true,
          "expr": "sum(lxd_filesystem_size_bytes{job=\"$job\",project=\"$project\",mountpoint=\"/\"} - lxd_filesystem_avail_bytes) - \nsum(topk(${top}, lxd_filesystem_size_bytes{job=\"$job\",project=\"$project\",mountpoint=\"/\"} - lxd_filesystem_avail_bytes))",
          "hide": false,
          "instant": true,
          "interval": "",
          "legendFormat": "Others",
          "refId": "B"
        }
      ],
      "title": "Top ${top} rootfs usage",
      "transparent": true,
      "type": "piechart"
    },
    {
      "datasource": {
        "type": "prometheus",
        "uid": "${DS_LXD}"
      },
      "fieldConfig": {
        "defaults": {
          "color": {
            "fixedColor": "semi-dark-blue",
            "mode": "fixed"
          },
          "mappings": [],
          "thresholds": {
            "mode": "absolute",
            "steps": [
              {
                "color": "green",
                "value": null
              }
            ]
          },
          "unit": "bytes"
        },
        "overrides": []
      },
      "gridPos": {
        "h": 3,
        "w": 3,
        "x": 18,
        "y": 1
      },
      "id": 360,
      "options": {
        "colorMode": "value",
        "graphMode": "none",
        "justifyMode": "auto",
        "orientation": "auto",
        "reduceOptions": {
          "calcs": [
            "lastNotNull"
          ],
          "fields": "",
          "values": false
        },
        "text": {},
        "textMode": "auto"
      },
      "pluginVersion": "8.4.3",
      "targets": [
        {
          "exemplar": true,
          "expr": "sum(increase(lxd_disk_read_bytes_total{job=\"$job\",project=\"$project\"}[$__range]))",
          "hide": false,
          "interval": "",
          "legendFormat": "",
          "refId": "A"
        }
      ],
      "title": "Disk reads",
      "transparent": true,
      "type": "stat"
    },
    {
      "datasource": {
        "type": "prometheus",
        "uid": "${DS_LXD}"
      },
      "fieldConfig": {
        "defaults": {
          "color": {
            "fixedColor": "semi-dark-green",
            "mode": "fixed"
          },
          "mappings": [],
          "thresholds": {
            "mode": "absolute",
            "steps": [
              {
                "color": "green",
                "value": null
              }
            ]
          },
          "unit": "bytes"
        },
        "overrides": []
      },
      "gridPos": {
        "h": 3,
        "w": 3,
        "x": 21,
        "y": 1
      },
      "id": 361,
      "options": {
        "colorMode": "value",
        "graphMode": "none",
        "justifyMode": "auto",
        "orientation": "auto",
        "reduceOptions": {
          "calcs": [
            "lastNotNull"
          ],
          "fields": "",
          "values": false
        },
        "text": {},
        "textMode": "auto"
      },
      "pluginVersion": "8.4.3",
      "targets": [
        {
          "exemplar": true,
          "expr": "sum(increase(lxd_disk_written_bytes_total{job=\"$job\",project=\"$project\"}[$__range]))",
          "hide": false,
          "interval": "",
          "legendFormat": "",
          "refId": "A"
        }
      ],
      "title": "Disk writes",
      "transparent": true,
      "type": "stat"
    },
    {
      "datasource": {
        "type": "prometheus",
        "uid": "${DS_LXD}"
      },
      "fieldConfig": {
        "defaults": {
          "color": {
            "fixedColor": "semi-dark-blue",
            "mode": "fixed"
          },
          "mappings": [],
          "thresholds": {
            "mode": "absolute",
            "steps": [
              {
                "color": "green",
                "value": null
              }
            ]
          },
          "unit": "decbits"
        },
        "overrides": []
      },
      "gridPos": {
        "h": 3,
        "w": 3,
        "x": 18,
        "y": 4
      },
      "id": 363,
      "options": {
        "colorMode": "value",
        "graphMode": "none",
        "justifyMode": "auto",
        "orientation": "auto",
        "reduceOptions": {
          "calcs": [
            "lastNotNull"
          ],
          "fields": "",
          "values": false
        },
        "text": {},
        "textMode": "auto"
      },
      "pluginVersion": "8.4.3",
      "targets": [
        {
          "exemplar": true,
          "expr": "sum(increase(lxd_network_receive_bytes_total{job=\"$job\",project=\"$project\"}[$__range]))*8",
          "hide": false,
          "interval": "",
          "legendFormat": "",
          "refId": "A"
        }
      ],
      "title": "Network RX",
      "transparent": true,
      "type": "stat"
    },
    {
      "datasource": {
        "type": "prometheus",
        "uid": "${DS_LXD}"
      },
      "fieldConfig": {
        "defaults": {
          "color": {
            "fixedColor": "semi-dark-green",
            "mode": "fixed"
          },
          "mappings": [],
          "thresholds": {
            "mode": "absolute",
            "steps": [
              {
                "color": "green",
                "value": null
              }
            ]
          },
          "unit": "decbits"
        },
        "overrides": []
      },
      "gridPos": {
        "h": 3,
        "w": 3,
        "x": 21,
        "y": 4
      },
      "id": 362,
      "options": {
        "colorMode": "value",
        "graphMode": "none",
        "justifyMode": "auto",
        "orientation": "auto",
        "reduceOptions": {
          "calcs": [
            "lastNotNull"
          ],
          "fields": "",
          "values": false
        },
        "text": {},
        "textMode": "auto"
      },
      "pluginVersion": "8.4.3",
      "targets": [
        {
          "exemplar": true,
          "expr": "sum(increase(lxd_network_transmit_bytes_total{device!=\"lo\",job=\"$job\",project=\"$project\"}[$__range]))*8",
          "hide": false,
          "interval": "",
          "legendFormat": "",
          "refId": "A"
        }
      ],
      "title": "Network TX",
      "transparent": true,
      "type": "stat"
    },
    {
      "datasource": {
        "type": "prometheus",
        "uid": "${DS_LXD}"
      },
      "description": "CPU usage overview for the whole project",
      "fieldConfig": {
        "defaults": {
          "color": {
            "mode": "palette-classic"
          },
          "custom": {
            "axisLabel": "",
            "axisPlacement": "auto",
            "barAlignment": 0,
            "drawStyle": "line",
            "fillOpacity": 40,
            "gradientMode": "opacity",
            "hideFrom": {
              "legend": false,
              "tooltip": false,
              "viz": false
            },
            "lineInterpolation": "smooth",
            "lineWidth": 1,
            "pointSize": 5,
            "scaleDistribution": {
              "type": "linear"
            },
            "showPoints": "never",
            "spanNulls": false,
            "stacking": {
              "group": "A",
              "mode": "normal"
            },
            "thresholdsStyle": {
              "mode": "off"
            }
          },
          "links": [],
          "mappings": [],
          "min": 0,
          "thresholds": {
            "mode": "absolute",
            "steps": [
              {
                "color": "green",
                "value": null
              }
            ]
          },
          "unit": "percent"
        },
        "overrides": [
          {
            "matcher": {
              "id": "byName",
              "options": "system"
            },
            "properties": [
              {
                "id": "color",
                "value": {
                  "fixedColor": "#508642",
                  "mode": "fixed"
                }
              }
            ]
          },
          {
            "matcher": {
              "id": "byName",
              "options": "user"
            },
            "properties": [
              {
                "id": "color",
                "value": {
                  "fixedColor": "#1F60C4",
                  "mode": "fixed"
                }
              }
            ]
          }
        ]
      },
      "gridPos": {
        "h": 9,
        "w": 12,
        "x": 0,
        "y": 8
      },
      "id": 328,
      "links": [],
      "options": {
        "legend": {
          "calcs": [],
          "displayMode": "list",
          "placement": "bottom"
        },
        "tooltip": {
          "mode": "multi",
          "sort": "none"
        }
      },
      "pluginVersion": "8.1.1",
      "targets": [
        {
          "expr": "sum(rate(lxd_cpu_seconds_total{mode!=\"idle\",job=\"$job\",project=\"$project\"}[$__rate_interval])) by (mode) * 100",
          "hide": false,
          "interval": "",
          "legendFormat": "{{mode}}",
          "refId": "C"
        }
      ],
      "title": "Project CPU Usage",
      "transparent": true,
      "type": "timeseries"
    },
    {
      "datasource": {
        "type": "prometheus",
        "uid": "${DS_LXD}"
      },
      "description": "Memory usage overview for the whole project",
      "fieldConfig": {
        "defaults": {
          "color": {
            "mode": "palette-classic"
          },
          "custom": {
            "axisLabel": "",
            "axisPlacement": "auto",
            "barAlignment": 0,
            "drawStyle": "line",
            "fillOpacity": 40,
            "gradientMode": "none",
            "hideFrom": {
              "legend": false,
              "tooltip": false,
              "viz": false
            },
            "lineInterpolation": "smooth",
            "lineWidth": 1,
            "pointSize": 5,
            "scaleDistribution": {
              "type": "linear"
            },
            "showPoints": "never",
            "spanNulls": true,
            "stacking": {
              "group": "A",
              "mode": "normal"
            },
            "thresholdsStyle": {
              "mode": "off"
            }
          },
          "links": [],
          "mappings": [],
          "min": 0,
          "thresholds": {
            "mode": "absolute",
            "steps": [
              {
                "color": "green",
                "value": null
              }
            ]
          },
          "unit": "bytes"
        },
        "overrides": [
          {
            "matcher": {
              "id": "byName",
              "options": "SWAP Used"
            },
            "properties": [
              {
                "id": "color",
                "value": {
                  "fixedColor": "red",
                  "mode": "fixed"
                }
              }
            ]
          },
          {
            "matcher": {
              "id": "byName",
              "options": "RAM Total"
            },
            "properties": [
              {
                "id": "color",
                "value": {
                  "fixedColor": "#E0F9D7",
                  "mode": "fixed"
                }
              },
              {
                "id": "custom.fillOpacity",
                "value": 10
              },
              {
                "id": "custom.stacking",
                "value": {
                  "group": false,
                  "mode": "normal"
                }
              }
            ]
          },
          {
            "matcher": {
              "id": "byName",
              "options": "RAM Cache"
            },
            "properties": [
              {
                "id": "color",
                "value": {
                  "fixedColor": "#052B51",
                  "mode": "fixed"
                }
              }
            ]
          },
          {
            "matcher": {
              "id": "byName",
              "options": "RAM Free"
            },
            "properties": [
              {
                "id": "color",
                "value": {
                  "fixedColor": "#7EB26D",
                  "mode": "fixed"
                }
              },
              {
                "id": "custom.gradientMode",
                "value": "opacity"
              }
            ]
          }
        ]
      },
      "gridPos": {
        "h": 9,
        "w": 12,
        "x": 12,
        "y": 8
      },
      "id": 354,
      "links": [],
      "options": {
        "legend": {
          "calcs": [],
          "displayMode": "list",
          "placement": "bottom"
        },
        "tooltip": {
          "mode": "multi",
          "sort": "none"
        }
      },
      "pluginVersion": "8.1.1",
      "targets": [
        {
          "expr": "sum(lxd_memory_MemTotal_bytes{job=\"$job\",project=\"$project\"})",
          "format": "time_series",
          "hide": false,
          "interval": "",
          "intervalFactor": 1,
          "legendFormat": "RAM Total",
          "refId": "A",
          "step": 240
        },
        {
          "exemplar": true,
          "expr": "sum(lxd_memory_MemTotal_bytes{job=\"$job\",project=\"$project\"} - lxd_memory_MemFree_bytes - lxd_memory_Cached_bytes)",
          "format": "time_series",
          "hide": false,
          "interval": "",
          "intervalFactor": 1,
          "legendFormat": "RAM Used",
          "refId": "B",
          "step": 240
        },
        {
          "expr": "sum(lxd_memory_Cached_bytes{job=\"$job\",project=\"$project\"})",
          "format": "time_series",
          "hide": false,
          "interval": "",
          "intervalFactor": 1,
          "legendFormat": "RAM Cache",
          "refId": "C",
          "step": 240
        },
        {
          "expr": "sum(lxd_memory_MemFree_bytes{job=\"$job\",project=\"$project\"})",
          "format": "time_series",
          "interval": "",
          "intervalFactor": 1,
          "legendFormat": "RAM Free",
          "refId": "D",
          "step": 240
        },
        {
          "expr": "sum(lxd_memory_Swap_bytes{job=\"$job\",project=\"$project\"})",
          "format": "time_series",
          "interval": "",
          "intervalFactor": 1,
          "legendFormat": "SWAP Used",
          "refId": "E",
          "step": 240
        }
      ],
      "title": "Project Memory Usage",
      "transparent": true,
      "type": "timeseries"
    },
    {
      "datasource": {
        "type": "prometheus",
        "uid": "${DS_LXD}"
      },
      "description": "Number of running processes for the whole project",
      "fieldConfig": {
        "defaults": {
          "color": {
            "mode": "palette-classic"
          },
          "custom": {
            "axisLabel": "",
            "axisPlacement": "auto",
            "barAlignment": 0,
            "drawStyle": "line",
            "fillOpacity": 40,
            "gradientMode": "opacity",
            "hideFrom": {
              "legend": false,
              "tooltip": false,
              "viz": false
            },
            "lineInterpolation": "smooth",
            "lineWidth": 1,
            "pointSize": 5,
            "scaleDistribution": {
              "type": "linear"
            },
            "showPoints": "never",
            "spanNulls": false,
            "stacking": {
              "group": "A",
              "mode": "none"
            },
            "thresholdsStyle": {
              "mode": "off"
            }
          },
          "mappings": [],
          "thresholds": {
            "mode": "absolute",
            "steps": [
              {
                "color": "green",
                "value": null
              }
            ]
          },
          "unit": "none"
        },
        "overrides": []
      },
      "gridPos": {
        "h": 9,
        "w": 12,
        "x": 0,
        "y": 17
      },
      "id": 344,
      "options": {
        "legend": {
          "calcs": [],
          "displayMode": "hidden",
          "placement": "right"
        },
        "tooltip": {
          "mode": "multi",
          "sort": "none"
        }
      },
      "pluginVersion": "8.1.1",
      "targets": [
        {
          "exemplar": true,
          "expr": "sum(lxd_procs_total{job=\"$job\",project=\"$project\"})",
          "interval": "",
          "legendFormat": "Processes",
          "refId": "A"
        }
      ],
      "title": "Project Running Processes",
      "transparent": true,
      "type": "timeseries"
    },
    {
      "datasource": {
        "type": "prometheus",
        "uid": "${DS_LXD}"
      },
      "description": "Disk space used for the whole project",
      "fieldConfig": {
        "defaults": {
          "color": {
            "mode": "palette-classic"
          },
          "custom": {
            "axisLabel": "",
            "axisPlacement": "auto",
            "axisSoftMin": 0,
            "barAlignment": 0,
            "drawStyle": "line",
            "fillOpacity": 40,
            "gradientMode": "opacity",
            "hideFrom": {
              "legend": false,
              "tooltip": false,
              "viz": false
            },
            "lineInterpolation": "smooth",
            "lineWidth": 1,
            "pointSize": 5,
            "scaleDistribution": {
              "type": "linear"
            },
            "showPoints": "never",
            "spanNulls": false,
            "stacking": {
              "group": "A",
              "mode": "none"
            },
            "thresholdsStyle": {
              "mode": "off"
            }
          },
          "links": [],
          "mappings": [],
          "thresholds": {
            "mode": "absolute",
            "steps": [
              {
                "color": "green",
                "value": null
              }
            ]
          },
          "unit": "bytes"
        },
        "overrides": [
          {
            "matcher": {
              "id": "byFrameRefID",
              "options": "B"
            },
            "properties": [
              {
                "id": "custom.fillOpacity",
                "value": 0
              },
              {
                "id": "color",
                "value": {
                  "fixedColor": "semi-dark-red",
                  "mode": "fixed"
                }
              }
            ]
          }
        ]
      },
      "gridPos": {
        "h": 9,
        "w": 12,
        "x": 12,
        "y": 17
      },
      "id": 326,
      "links": [],
      "options": {
        "legend": {
          "calcs": [],
          "displayMode": "hidden",
          "placement": "bottom"
        },
        "tooltip": {
          "mode": "multi",
          "sort": "none"
        }
      },
      "pluginVersion": "8.1.1",
      "targets": [
        {
          "exemplar": true,
          "expr": "sum(lxd_filesystem_size_bytes{mountpoint=\"/\",job=\"$job\",project=\"$project\"} - lxd_filesystem_avail_bytes)",
          "format": "time_series",
          "interval": "",
          "intervalFactor": 1,
          "legendFormat": "Disk used",
          "refId": "A",
          "step": 240
        },
        {
          "exemplar": true,
          "expr": "sum(lxd_filesystem_size_bytes{mountpoint=\"/\",job=\"$job\",project=\"$project\"})",
          "format": "time_series",
          "hide": false,
          "interval": "",
          "intervalFactor": 1,
          "legendFormat": "Disk quota",
          "refId": "B",
          "step": 240
        }
      ],
      "title": "Project Disk Space Usage (rootfs)",
      "transparent": true,
      "type": "timeseries"
    },
    {
      "datasource": {
        "type": "prometheus",
        "uid": "${DS_LXD}"
      },
      "description": "The number of bytes read or written per second for the whole project",
      "fieldConfig": {
        "defaults": {
          "color": {
            "mode": "palette-classic"
          },
          "custom": {
            "axisLabel": "",
            "axisPlacement": "auto",
            "barAlignment": 0,
            "drawStyle": "line",
            "fillOpacity": 40,
            "gradientMode": "opacity",
            "hideFrom": {
              "legend": false,
              "tooltip": false,
              "viz": false
            },
            "lineInterpolation": "linear",
            "lineStyle": {
              "fill": "solid"
            },
            "lineWidth": 1,
            "pointSize": 5,
            "scaleDistribution": {
              "type": "linear"
            },
            "showPoints": "never",
            "spanNulls": false,
            "stacking": {
              "group": "A",
              "mode": "none"
            },
            "thresholdsStyle": {
              "mode": "off"
            }
          },
          "links": [],
          "mappings": [],
          "thresholds": {
            "mode": "absolute",
            "steps": [
              {
                "color": "green",
                "value": null
              }
            ]
          },
          "unit": "Bps"
        },
        "overrides": [
          {
            "matcher": {
              "id": "byFrameRefID",
              "options": "B"
            },
            "properties": [
              {
                "id": "color",
                "value": {
                  "fixedColor": "#3274D9",
                  "mode": "fixed"
                }
              },
              {
                "id": "custom.transform",
                "value": "negative-Y"
              }
            ]
          }
        ]
      },
      "gridPos": {
        "h": 9,
        "w": 12,
        "x": 0,
        "y": 26
      },
      "id": 338,
      "links": [],
      "options": {
        "legend": {
          "calcs": [],
          "displayMode": "hidden",
          "placement": "bottom"
        },
        "tooltip": {
          "mode": "multi",
          "sort": "none"
        }
      },
      "pluginVersion": "8.1.1",
      "targets": [
        {
          "datasource": {
            "type": "prometheus",
            "uid": "${DS_LXD}"
          },
          "exemplar": true,
          "expr": "sum(rate(lxd_disk_written_bytes_total{job=\"$job\",project=\"$project\"}[$__rate_interval]))",
          "format": "time_series",
          "interval": "",
          "intervalFactor": 1,
          "legendFormat": "Written bytes",
          "refId": "A",
          "step": 240
        },
        {
          "datasource": {
            "type": "prometheus",
            "uid": "${DS_LXD}"
          },
          "exemplar": true,
          "expr": "sum(rate(lxd_disk_read_bytes_total{job=\"$job\",project=\"$project\"}[$__rate_interval]))",
          "format": "time_series",
          "interval": "",
          "intervalFactor": 1,
          "legendFormat": "Read bytes",
          "refId": "B",
          "step": 240
        }
      ],
      "title": "Project Disk R/W Data",
      "transparent": true,
      "type": "timeseries"
    },
    {
      "datasource": {
        "type": "prometheus",
        "uid": "${DS_LXD}"
      },
      "description": "The number (after merges) of I/O requests completed per second for the whole project",
      "fieldConfig": {
        "defaults": {
          "color": {
            "mode": "palette-classic"
          },
          "custom": {
            "axisLabel": "",
            "axisPlacement": "auto",
            "barAlignment": 0,
            "drawStyle": "line",
            "fillOpacity": 40,
            "gradientMode": "opacity",
            "hideFrom": {
              "legend": false,
              "tooltip": false,
              "viz": false
            },
            "lineInterpolation": "smooth",
            "lineWidth": 1,
            "pointSize": 5,
            "scaleDistribution": {
              "type": "linear"
            },
            "showPoints": "never",
            "spanNulls": false,
            "stacking": {
              "group": "A",
              "mode": "none"
            },
            "thresholdsStyle": {
              "mode": "off"
            }
          },
          "links": [],
          "mappings": [],
          "thresholds": {
            "mode": "absolute",
            "steps": [
              {
                "color": "green",
                "value": null
              }
            ]
          },
          "unit": "iops"
        },
        "overrides": [
          {
            "matcher": {
              "id": "byFrameRefID",
              "options": "B"
            },
            "properties": [
              {
                "id": "color",
                "value": {
                  "fixedColor": "semi-dark-blue",
                  "mode": "fixed"
                }
              },
              {
                "id": "custom.transform",
                "value": "negative-Y"
              }
            ]
          }
        ]
      },
      "gridPos": {
        "h": 9,
        "w": 12,
        "x": 12,
        "y": 26
      },
      "id": 336,
      "links": [],
      "options": {
        "legend": {
          "calcs": [],
          "displayMode": "hidden",
          "placement": "bottom"
        },
        "tooltip": {
          "mode": "multi",
          "sort": "none"
        }
      },
      "pluginVersion": "8.1.1",
      "targets": [
        {
          "datasource": {
            "type": "prometheus",
            "uid": "${DS_LXD}"
          },
          "exemplar": true,
          "expr": "sum(rate(lxd_disk_writes_completed_total{job=\"$job\",project=\"$project\"}[$__rate_interval]))",
          "interval": "",
          "intervalFactor": 1,
          "legendFormat": "Writes completed",
          "refId": "A",
          "step": 240
        },
        {
          "datasource": {
            "type": "prometheus",
            "uid": "${DS_LXD}"
          },
          "exemplar": true,
          "expr": "sum(rate(lxd_disk_reads_completed_total{job=\"$job\",project=\"$project\"}[$__rate_interval]))",
          "interval": "",
          "intervalFactor": 1,
          "legendFormat": "Reads completed",
          "refId": "B",
          "step": 240
        }
      ],
      "title": "Project Disk IO/s",
      "transparent": true,
      "type": "timeseries"
    },
    {
      "datasource": {
        "type": "prometheus",
        "uid": "${DS_LXD}"
      },
      "description": "Network traffic overview for the whole project",
      "fieldConfig": {
        "defaults": {
          "color": {
            "mode": "palette-classic"
          },
          "custom": {
            "axisLabel": "",
            "axisPlacement": "auto",
            "barAlignment": 0,
            "drawStyle": "line",
            "fillOpacity": 40,
            "gradientMode": "opacity",
            "hideFrom": {
              "legend": false,
              "tooltip": false,
              "viz": false
            },
            "lineInterpolation": "smooth",
            "lineWidth": 1,
            "pointSize": 5,
            "scaleDistribution": {
              "type": "linear"
            },
            "showPoints": "never",
            "spanNulls": true,
            "stacking": {
              "group": "A",
              "mode": "none"
            },
            "thresholdsStyle": {
              "mode": "off"
            }
          },
          "mappings": [],
          "thresholds": {
            "mode": "absolute",
            "steps": [
              {
                "color": "green",
                "value": null
              }
            ]
          },
          "unit": "bps"
        },
        "overrides": [
          {
            "matcher": {
              "id": "byFrameRefID",
              "options": "B"
            },
            "properties": [
              {
                "id": "color",
                "value": {
                  "fixedColor": "#3274D9",
                  "mode": "fixed"
                }
              },
              {
                "id": "custom.transform",
                "value": "negative-Y"
              }
            ]
          }
        ]
      },
      "gridPos": {
        "h": 11,
        "w": 12,
        "x": 0,
        "y": 35
      },
      "id": 322,
      "options": {
        "legend": {
          "calcs": [],
          "displayMode": "hidden",
          "placement": "bottom"
        },
        "tooltip": {
          "mode": "multi",
          "sort": "none"
        }
      },
      "pluginVersion": "8.1.1",
      "targets": [
        {
          "datasource": {
            "type": "prometheus",
            "uid": "${DS_LXD}"
          },
          "exemplar": true,
          "expr": "sum(rate(lxd_network_transmit_bytes_total{device!=\"lo\",job=\"$job\",project=\"$project\"}[$__rate_interval]))*8",
          "hide": false,
          "instant": false,
          "interval": "",
          "intervalFactor": 1,
          "legendFormat": "TX",
          "refId": "A"
        },
        {
          "datasource": {
            "type": "prometheus",
            "uid": "${DS_LXD}"
          },
          "exemplar": true,
          "expr": "sum(rate(lxd_network_receive_bytes_total{device!=\"lo\",job=\"$job\",project=\"$project\"}[$__rate_interval]))*8",
          "hide": false,
          "interval": "",
          "intervalFactor": 1,
          "legendFormat": "RX",
          "refId": "B"
        }
      ],
      "title": "Project Network Traffic",
      "transparent": true,
      "type": "timeseries"
    },
    {
      "datasource": {
        "type": "prometheus",
        "uid": "${DS_LXD}"
      },
      "description": "Network traffic overview for the whole project",
      "fieldConfig": {
        "defaults": {
          "color": {
            "mode": "palette-classic"
          },
          "custom": {
            "axisLabel": "",
            "axisPlacement": "auto",
            "barAlignment": 0,
            "drawStyle": "line",
            "fillOpacity": 40,
            "gradientMode": "opacity",
            "hideFrom": {
              "legend": false,
              "tooltip": false,
              "viz": false
            },
            "lineInterpolation": "smooth",
            "lineWidth": 1,
            "pointSize": 5,
            "scaleDistribution": {
              "type": "linear"
            },
            "showPoints": "never",
            "spanNulls": true,
            "stacking": {
              "group": "A",
              "mode": "none"
            },
            "thresholdsStyle": {
              "mode": "off"
            }
          },
          "mappings": [],
          "thresholds": {
            "mode": "absolute",
            "steps": [
              {
                "color": "green",
                "value": null
              }
            ]
          },
          "unit": "pps"
        },
        "overrides": [
          {
            "matcher": {
              "id": "byFrameRefID",
              "options": "B"
            },
            "properties": [
              {
                "id": "color",
                "value": {
                  "fixedColor": "semi-dark-blue",
                  "mode": "fixed"
                }
              },
              {
                "id": "custom.transform",
                "value": "negative-Y"
              }
            ]
          }
        ]
      },
      "gridPos": {
        "h": 6,
        "w": 12,
        "x": 12,
        "y": 35
      },
      "id": 365,
      "options": {
        "legend": {
          "calcs": [],
          "displayMode": "hidden",
          "placement": "bottom"
        },
        "tooltip": {
          "mode": "multi",
          "sort": "none"
        }
      },
      "pluginVersion": "8.1.1",
      "targets": [
        {
          "datasource": {
            "type": "prometheus",
            "uid": "${DS_LXD}"
          },
          "exemplar": true,
          "expr": "sum(rate(lxd_network_transmit_packets_total{device!=\"lo\",job=\"$job\",project=\"$project\"}[$__rate_interval]))",
          "hide": false,
          "instant": false,
          "interval": "",
          "intervalFactor": 1,
          "legendFormat": "TX",
          "refId": "A"
        },
        {
          "datasource": {
            "type": "prometheus",
            "uid": "${DS_LXD}"
          },
          "exemplar": true,
          "expr": "sum(rate(lxd_network_receive_packets_total{device!=\"lo\",job=\"$job\",project=\"$project\"}[$__rate_interval]))",
          "hide": false,
          "instant": false,
          "interval": "",
          "intervalFactor": 1,
          "legendFormat": "RX",
          "refId": "B"
        }
      ],
      "title": "Project Network Packets/s",
      "transparent": true,
      "type": "timeseries"
    },
    {
      "datasource": {
        "type": "prometheus",
        "uid": "${DS_LXD}"
      },
      "description": "Network errors and drop overview for the whole project",
      "fieldConfig": {
        "defaults": {
          "color": {
            "mode": "palette-classic"
          },
          "custom": {
            "axisLabel": "",
            "axisPlacement": "auto",
            "barAlignment": 0,
            "drawStyle": "line",
            "fillOpacity": 40,
            "gradientMode": "opacity",
            "hideFrom": {
              "legend": false,
              "tooltip": false,
              "viz": false
            },
            "lineInterpolation": "linear",
            "lineWidth": 1,
            "pointSize": 5,
            "scaleDistribution": {
              "type": "linear"
            },
            "showPoints": "never",
            "spanNulls": false,
            "stacking": {
              "group": "A",
              "mode": "none"
            },
            "thresholdsStyle": {
              "mode": "off"
            }
          },
          "links": [],
          "mappings": [],
          "thresholds": {
            "mode": "absolute",
            "steps": [
              {
                "color": "green",
                "value": null
              },
              {
                "color": "red",
                "value": 1
              }
            ]
          },
          "unit": "pps"
        },
        "overrides": []
      },
      "gridPos": {
        "h": 5,
        "w": 12,
        "x": 12,
        "y": 41
      },
      "id": 366,
      "links": [],
      "options": {
        "legend": {
          "calcs": [
            "max"
          ],
          "displayMode": "hidden",
          "placement": "bottom"
        },
        "tooltip": {
          "mode": "multi",
          "sort": "none"
        }
      },
      "pluginVersion": "8.1.1",
      "targets": [
        {
          "datasource": {
            "type": "prometheus",
            "uid": "${DS_LXD}"
          },
          "exemplar": true,
          "expr": "sum(rate(lxd_network_receive_errs_total{device!=\"lo\",job=\"$job\",project=\"$project\"}[$__rate_interval]))",
          "format": "time_series",
          "interval": "",
          "intervalFactor": 1,
          "legendFormat": "RX errors",
          "refId": "A",
          "step": 240
        },
        {
          "datasource": {
            "type": "prometheus",
            "uid": "${DS_LXD}"
          },
          "exemplar": true,
          "expr": "sum(rate(lxd_network_transmit_errs_total{device!=\"lo\",job=\"$job\",project=\"$project\"}[$__rate_interval]))",
          "format": "time_series",
          "interval": "",
          "intervalFactor": 1,
          "legendFormat": "TX errors",
          "refId": "B",
          "step": 240
        },
        {
          "datasource": {
            "type": "prometheus",
            "uid": "${DS_LXD}"
          },
          "exemplar": true,
          "expr": "sum(rate(lxd_network_receive_drop_total{device!=\"lo\",job=\"$job\",project=\"$project\"}[$__rate_interval]))",
          "format": "time_series",
          "hide": false,
          "interval": "",
          "intervalFactor": 1,
          "legendFormat": "RX drop",
          "refId": "C",
          "step": 240
        },
        {
          "datasource": {
            "type": "prometheus",
            "uid": "${DS_LXD}"
          },
          "exemplar": true,
          "expr": "sum(rate(lxd_network_transmit_drop_total{device!=\"lo\",job=\"$job\",project=\"$project\"}[$__rate_interval]))",
          "format": "time_series",
          "hide": false,
          "interval": "",
          "intervalFactor": 1,
          "legendFormat": "TX drop",
          "refId": "D",
          "step": 240
        }
      ],
      "title": "Project Network Errors & Drops",
      "transparent": true,
      "type": "timeseries"
    },
    {
      "collapsed": true,
      "datasource": {
        "type": "prometheus",
        "uid": "${DS_LXD}"
      },
      "gridPos": {
        "h": 1,
        "w": 24,
        "x": 0,
        "y": 46
      },
      "id": 6,
      "panels": [
        {
          "datasource": {
            "type": "prometheus",
            "uid": "${DS_LXD}"
          },
          "description": "Basic CPU info",
          "fieldConfig": {
            "defaults": {
              "color": {
                "mode": "palette-classic"
              },
              "custom": {
                "axisLabel": "",
                "axisPlacement": "auto",
                "barAlignment": 0,
                "drawStyle": "line",
                "fillOpacity": 40,
                "gradientMode": "opacity",
                "hideFrom": {
                  "legend": false,
                  "tooltip": false,
                  "viz": false
                },
                "lineInterpolation": "smooth",
                "lineWidth": 1,
                "pointSize": 5,
                "scaleDistribution": {
                  "type": "linear"
                },
                "showPoints": "never",
                "spanNulls": false,
                "stacking": {
                  "group": "A",
                  "mode": "normal"
                },
                "thresholdsStyle": {
                  "mode": "off"
                }
              },
              "links": [],
              "mappings": [],
              "min": 0,
              "thresholds": {
                "mode": "absolute",
                "steps": [
                  {
                    "color": "green"
                  }
                ]
              },
              "unit": "percent"
            },
            "overrides": [
              {
                "matcher": {
                  "id": "byName",
                  "options": "system"
                },
                "properties": [
                  {
                    "id": "color",
                    "value": {
                      "fixedColor": "#508642",
                      "mode": "fixed"
                    }
                  }
                ]
              },
              {
                "matcher": {
                  "id": "byName",
                  "options": "user"
                },
                "properties": [
                  {
                    "id": "color",
                    "value": {
                      "fixedColor": "#1F60C4",
                      "mode": "fixed"
                    }
                  }
                ]
              }
            ]
          },
          "gridPos": {
            "h": 10,
            "w": 12,
            "x": 0,
            "y": 47
          },
          "id": 353,
          "links": [],
          "options": {
            "legend": {
              "calcs": [],
              "displayMode": "list",
              "placement": "bottom"
            },
            "tooltip": {
              "mode": "multi",
              "sort": "none"
            }
          },
          "pluginVersion": "8.1.1",
          "targets": [
            {
              "exemplar": true,
              "expr": "sum(rate(lxd_cpu_seconds_total{mode!=\"idle\",job=\"$job\",project=\"$project\",name=\"$name\"}[$__rate_interval])) by (mode) * 100",
              "hide": false,
              "interval": "",
              "legendFormat": "{{mode}}",
              "refId": "C"
            }
          ],
          "title": "CPU Usage",
          "transparent": true,
          "type": "timeseries"
        },
        {
          "datasource": {
            "type": "prometheus",
            "uid": "${DS_LXD}"
          },
          "description": "Basic memory usage",
          "fieldConfig": {
            "defaults": {
              "color": {
                "mode": "palette-classic"
              },
              "custom": {
                "axisLabel": "",
                "axisPlacement": "auto",
                "barAlignment": 0,
                "drawStyle": "line",
                "fillOpacity": 40,
                "gradientMode": "none",
                "hideFrom": {
                  "legend": false,
                  "tooltip": false,
                  "viz": false
                },
                "lineInterpolation": "smooth",
                "lineWidth": 1,
                "pointSize": 5,
                "scaleDistribution": {
                  "type": "linear"
                },
                "showPoints": "never",
                "spanNulls": false,
                "stacking": {
                  "group": "A",
                  "mode": "normal"
                },
                "thresholdsStyle": {
                  "mode": "off"
                }
              },
              "links": [],
              "mappings": [],
              "min": 0,
              "thresholds": {
                "mode": "absolute",
                "steps": [
                  {
                    "color": "green"
                  }
                ]
              },
              "unit": "bytes"
            },
            "overrides": [
              {
                "matcher": {
                  "id": "byName",
                  "options": "SWAP Used"
                },
                "properties": [
                  {
                    "id": "color",
                    "value": {
                      "fixedColor": "red",
                      "mode": "fixed"
                    }
                  }
                ]
              },
              {
                "matcher": {
                  "id": "byName",
                  "options": "RAM Total"
                },
                "properties": [
                  {
                    "id": "color",
                    "value": {
                      "fixedColor": "#E0F9D7",
                      "mode": "fixed"
                    }
                  },
                  {
                    "id": "custom.fillOpacity",
                    "value": 10
                  },
                  {
                    "id": "custom.stacking",
                    "value": {
                      "group": false,
                      "mode": "normal"
                    }
                  }
                ]
              },
              {
                "matcher": {
                  "id": "byName",
                  "options": "RAM Cache"
                },
                "properties": [
                  {
                    "id": "color",
                    "value": {
                      "fixedColor": "#052B51",
                      "mode": "fixed"
                    }
                  }
                ]
              },
              {
                "matcher": {
                  "id": "byName",
                  "options": "RAM Free"
                },
                "properties": [
                  {
                    "id": "color",
                    "value": {
                      "fixedColor": "#7EB26D",
                      "mode": "fixed"
                    }
                  },
                  {
                    "id": "custom.gradientMode",
                    "value": "opacity"
                  }
                ]
              }
            ]
          },
          "gridPos": {
            "h": 10,
            "w": 12,
            "x": 12,
            "y": 47
          },
          "id": 324,
          "links": [],
          "options": {
            "legend": {
              "calcs": [],
              "displayMode": "list",
              "placement": "bottom"
            },
            "tooltip": {
              "mode": "multi",
              "sort": "none"
            }
          },
          "pluginVersion": "8.1.1",
          "targets": [
            {
              "exemplar": true,
              "expr": "sum(lxd_memory_MemTotal_bytes{job=\"$job\",project=\"$project\",name=\"$name\"})",
              "format": "time_series",
              "hide": false,
              "interval": "",
              "intervalFactor": 1,
              "legendFormat": "RAM Total",
              "refId": "A",
              "step": 240
            },
            {
              "exemplar": true,
              "expr": "sum(lxd_memory_MemTotal_bytes{job=\"$job\",project=\"$project\",name=\"$name\"} - lxd_memory_MemFree_bytes - lxd_memory_Cached_bytes)",
              "format": "time_series",
              "hide": false,
              "interval": "",
              "intervalFactor": 1,
              "legendFormat": "RAM Used",
              "refId": "B",
              "step": 240
            },
            {
              "exemplar": true,
              "expr": "sum(lxd_memory_Cached_bytes{job=\"$job\",project=\"$project\",name=\"$name\"})",
              "format": "time_series",
              "hide": false,
              "interval": "",
              "intervalFactor": 1,
              "legendFormat": "RAM Cache",
              "refId": "C",
              "step": 240
            },
            {
              "exemplar": true,
              "expr": "sum(lxd_memory_MemFree_bytes{job=\"$job\",project=\"$project\",name=\"$name\"})",
              "format": "time_series",
              "interval": "",
              "intervalFactor": 1,
              "legendFormat": "RAM Free",
              "refId": "D",
              "step": 240
            },
            {
              "exemplar": true,
              "expr": "sum(lxd_memory_Swap_bytes{job=\"$job\",project=\"$project\",name=\"$name\"})",
              "format": "time_series",
              "interval": "",
              "intervalFactor": 1,
              "legendFormat": "SWAP Used",
              "refId": "E",
              "step": 240
            }
          ],
          "title": "Memory Usage",
          "transparent": true,
          "type": "timeseries"
        },
        {
          "datasource": {
            "type": "prometheus",
            "uid": "${DS_LXD}"
          },
          "description": "Number of running processes in the instance",
          "fieldConfig": {
            "defaults": {
              "color": {
                "mode": "palette-classic"
              },
              "custom": {
                "axisLabel": "",
                "axisPlacement": "auto",
                "barAlignment": 0,
                "drawStyle": "line",
                "fillOpacity": 40,
                "gradientMode": "opacity",
                "hideFrom": {
                  "legend": false,
                  "tooltip": false,
                  "viz": false
                },
                "lineInterpolation": "linear",
                "lineWidth": 1,
                "pointSize": 5,
                "scaleDistribution": {
                  "type": "linear"
                },
                "showPoints": "never",
                "spanNulls": false,
                "stacking": {
                  "group": "A",
                  "mode": "none"
                },
                "thresholdsStyle": {
                  "mode": "off"
                }
              },
              "mappings": [],
              "thresholds": {
                "mode": "absolute",
                "steps": [
                  {
                    "color": "green"
                  }
                ]
              },
              "unit": "none"
            },
            "overrides": []
          },
          "gridPos": {
            "h": 10,
            "w": 12,
            "x": 0,
            "y": 57
          },
          "id": 342,
          "options": {
            "legend": {
              "calcs": [],
              "displayMode": "hidden",
              "placement": "right"
            },
            "tooltip": {
              "mode": "multi",
              "sort": "none"
            }
          },
          "pluginVersion": "8.1.1",
          "targets": [
            {
              "exemplar": true,
              "expr": "lxd_procs_total{job=\"$job\",project=\"$project\",name=\"$name\"}",
              "interval": "",
              "legendFormat": "Processes",
              "refId": "A"
            }
          ],
          "title": "Running Processes",
          "transparent": true,
          "type": "timeseries"
        },
        {
          "datasource": {
            "type": "prometheus",
            "uid": "${DS_LXD}"
          },
          "description": "Disk space used of all filesystems mounted",
          "fieldConfig": {
            "defaults": {
              "color": {
                "mode": "palette-classic"
              },
              "custom": {
                "axisLabel": "",
                "axisPlacement": "auto",
                "barAlignment": 0,
                "drawStyle": "line",
                "fillOpacity": 40,
                "gradientMode": "opacity",
                "hideFrom": {
                  "legend": false,
                  "tooltip": false,
                  "viz": false
                },
                "lineInterpolation": "linear",
                "lineWidth": 1,
                "pointSize": 5,
                "scaleDistribution": {
                  "type": "linear"
                },
                "showPoints": "never",
                "spanNulls": false,
                "stacking": {
                  "group": "A",
                  "mode": "none"
                },
                "thresholdsStyle": {
                  "mode": "off"
                }
              },
              "links": [],
              "mappings": [],
              "max": 100,
              "min": 0,
              "thresholds": {
                "mode": "percentage",
                "steps": [
                  {
                    "color": "green"
                  },
                  {
                    "color": "red",
                    "value": 80
                  }
                ]
              },
              "unit": "percent"
            },
            "overrides": []
          },
          "gridPos": {
            "h": 10,
            "w": 12,
            "x": 12,
            "y": 57
          },
          "id": 14,
          "links": [],
          "options": {
            "legend": {
              "calcs": [],
              "displayMode": "list",
              "placement": "bottom"
            },
            "tooltip": {
              "mode": "multi",
              "sort": "none"
            }
          },
          "pluginVersion": "8.1.1",
          "targets": [
            {
              "exemplar": true,
              "expr": "100 - ((lxd_filesystem_avail_bytes{job=\"$job\",project=\"$project\",name=\"$name\"} * 100) / lxd_filesystem_size_bytes)",
              "format": "time_series",
              "interval": "",
              "intervalFactor": 1,
              "legendFormat": "{{mountpoint}}",
              "refId": "A",
              "step": 240
            }
          ],
          "title": "Disk Space Used",
          "transparent": true,
          "type": "timeseries"
        },
        {
          "datasource": {
            "type": "prometheus",
            "uid": "${DS_LXD}"
          },
          "description": "The number of bytes read from or written to the device per second",
          "fieldConfig": {
            "defaults": {
              "color": {
                "mode": "palette-classic"
              },
              "custom": {
                "axisLabel": "",
                "axisPlacement": "auto",
                "barAlignment": 0,
                "drawStyle": "line",
                "fillOpacity": 40,
                "gradientMode": "opacity",
                "hideFrom": {
                  "legend": false,
                  "tooltip": false,
                  "viz": false
                },
                "lineInterpolation": "linear",
                "lineWidth": 1,
                "pointSize": 5,
                "scaleDistribution": {
                  "type": "linear"
                },
                "showPoints": "never",
                "spanNulls": false,
                "stacking": {
                  "group": "A",
                  "mode": "none"
                },
                "thresholdsStyle": {
                  "mode": "off"
                }
              },
              "links": [],
              "mappings": [],
              "thresholds": {
                "mode": "absolute",
                "steps": [
                  {
                    "color": "green"
                  }
                ]
              },
              "unit": "Bps"
            },
            "overrides": [
              {
                "matcher": {
                  "id": "byFrameRefID",
                  "options": "B"
                },
                "properties": [
                  {
                    "id": "custom.transform",
                    "value": "negative-Y"
                  }
                ]
              }
            ]
          },
          "gridPos": {
            "h": 10,
            "w": 12,
            "x": 0,
            "y": 67
          },
          "id": 334,
          "links": [],
          "options": {
            "legend": {
              "calcs": [
                "min",
                "max",
                "mean",
                "lastNotNull"
              ],
              "displayMode": "table",
              "placement": "bottom"
            },
            "tooltip": {
              "mode": "multi",
              "sort": "none"
            }
          },
          "pluginVersion": "8.1.1",
          "targets": [
            {
              "datasource": {
                "type": "prometheus",
                "uid": "${DS_LXD}"
              },
              "exemplar": true,
              "expr": "rate(lxd_disk_written_bytes_total{job=\"$job\",project=\"$project\",name=\"$name\"}[$__rate_interval])",
              "format": "time_series",
              "interval": "",
              "intervalFactor": 1,
              "legendFormat": "{{device}} - Written bytes",
              "refId": "A",
              "step": 240
            },
            {
              "datasource": {
                "type": "prometheus",
                "uid": "${DS_LXD}"
              },
              "exemplar": true,
              "expr": "rate(lxd_disk_read_bytes_total{job=\"$job\",project=\"$project\",name=\"$name\"}[$__rate_interval])",
              "format": "time_series",
              "interval": "",
              "intervalFactor": 1,
              "legendFormat": "{{device}} - Read bytes",
              "refId": "B",
              "step": 240
            }
          ],
          "title": "Disk R/W Data",
          "transparent": true,
          "type": "timeseries"
        },
        {
          "datasource": {
            "type": "prometheus",
            "uid": "${DS_LXD}"
          },
          "description": "The number (after merges) of I/O requests completed per second for the device",
          "fieldConfig": {
            "defaults": {
              "color": {
                "mode": "palette-classic"
              },
              "custom": {
                "axisLabel": "",
                "axisPlacement": "auto",
                "barAlignment": 0,
                "drawStyle": "line",
                "fillOpacity": 40,
                "gradientMode": "opacity",
                "hideFrom": {
                  "legend": false,
                  "tooltip": false,
                  "viz": false
                },
                "lineInterpolation": "linear",
                "lineWidth": 1,
                "pointSize": 5,
                "scaleDistribution": {
                  "type": "linear"
                },
                "showPoints": "never",
                "spanNulls": false,
                "stacking": {
                  "group": "A",
                  "mode": "none"
                },
                "thresholdsStyle": {
                  "mode": "off"
                }
              },
              "links": [],
              "mappings": [],
              "thresholds": {
                "mode": "absolute",
                "steps": [
                  {
                    "color": "green"
                  }
                ]
              },
              "unit": "iops"
            },
            "overrides": [
              {
                "matcher": {
                  "id": "byFrameRefID",
                  "options": "B"
                },
                "properties": [
                  {
                    "id": "custom.transform",
                    "value": "negative-Y"
                  }
                ]
              }
            ]
          },
          "gridPos": {
            "h": 10,
            "w": 12,
            "x": 12,
            "y": 67
          },
          "id": 358,
          "links": [],
          "options": {
            "legend": {
              "calcs": [
                "min",
                "max",
                "mean",
                "lastNotNull"
              ],
              "displayMode": "table",
              "placement": "bottom"
            },
            "tooltip": {
              "mode": "multi",
              "sort": "none"
            }
          },
          "pluginVersion": "8.1.1",
          "targets": [
            {
              "datasource": {
                "type": "prometheus",
                "uid": "${DS_LXD}"
              },
              "expr": "rate(lxd_disk_writes_completed_total{job=\"$job\",project=\"$project\",name=\"$name\"}[$__rate_interval])",
              "interval": "",
              "intervalFactor": 1,
              "legendFormat": "{{device}} - Writes completed",
              "refId": "A",
              "step": 240
            },
            {
              "datasource": {
                "type": "prometheus",
                "uid": "${DS_LXD}"
              },
              "exemplar": true,
              "expr": "rate(lxd_disk_reads_completed_total{job=\"$job\",project=\"$project\",name=\"$name\"}[$__rate_interval])",
              "interval": "",
              "intervalFactor": 1,
              "legendFormat": "{{device}} - Reads completed",
              "refId": "B",
              "step": 240
            }
          ],
          "title": "Disk IO/s",
          "transparent": true,
          "type": "timeseries"
        },
        {
          "datasource": {
            "type": "prometheus",
            "uid": "${DS_LXD}"
          },
          "description": "Basic network info per interface",
          "fieldConfig": {
            "defaults": {
              "color": {
                "mode": "palette-classic"
              },
              "custom": {
                "axisLabel": "",
                "axisPlacement": "auto",
                "barAlignment": 0,
                "drawStyle": "line",
                "fillOpacity": 40,
                "gradientMode": "opacity",
                "hideFrom": {
                  "legend": false,
                  "tooltip": false,
                  "viz": false
                },
                "lineInterpolation": "smooth",
                "lineWidth": 1,
                "pointSize": 5,
                "scaleDistribution": {
                  "type": "linear"
                },
                "showPoints": "never",
                "spanNulls": true,
                "stacking": {
                  "group": "A",
                  "mode": "none"
                },
                "thresholdsStyle": {
                  "mode": "off"
                }
              },
              "mappings": [],
              "thresholds": {
                "mode": "absolute",
                "steps": [
                  {
                    "color": "green"
                  }
                ]
              },
              "unit": "bps"
            },
            "overrides": [
              {
                "matcher": {
                  "id": "byFrameRefID",
                  "options": "B"
                },
                "properties": [
                  {
                    "id": "color",
                    "value": {
                      "fixedColor": "semi-dark-blue",
                      "mode": "fixed"
                    }
                  },
                  {
                    "id": "custom.transform",
                    "value": "negative-Y"
                  }
                ]
              }
            ]
          },
          "gridPos": {
            "h": 10,
            "w": 12,
            "x": 0,
            "y": 77
          },
          "id": 356,
          "options": {
            "legend": {
              "calcs": [],
              "displayMode": "list",
              "placement": "bottom"
            },
            "tooltip": {
              "mode": "multi",
              "sort": "none"
            }
          },
          "pluginVersion": "8.1.1",
          "targets": [
            {
              "datasource": {
                "type": "prometheus",
                "uid": "${DS_LXD}"
              },
              "exemplar": true,
              "expr": "rate(lxd_network_transmit_bytes_total{device!=\"lo\",job=\"$job\",project=\"$project\",name=\"$name\"}[$__rate_interval])*8",
              "hide": false,
              "instant": false,
              "interval": "",
              "intervalFactor": 1,
              "legendFormat": "{{device}} - TX",
              "refId": "A"
            },
            {
              "datasource": {
                "type": "prometheus",
                "uid": "${DS_LXD}"
              },
              "exemplar": true,
              "expr": "rate(lxd_network_receive_bytes_total{device!=\"lo\",job=\"$job\",project=\"$project\",name=\"$name\"}[$__rate_interval])*8",
              "hide": false,
              "interval": "",
              "intervalFactor": 1,
              "legendFormat": "{{device}} - RX",
              "refId": "B"
            },
            {
              "datasource": {
                "type": "prometheus",
                "uid": "${DS_LXD}"
              },
              "exemplar": true,
              "expr": "rate(lxd_network_transmit_bytes_total{device=\"lo\",job=\"$job\",project=\"$project\",name=\"$name\"}[$__rate_interval])*8",
              "hide": true,
              "instant": false,
              "interval": "",
              "intervalFactor": 1,
              "legendFormat": "TX {{device}}",
              "refId": "C"
            },
            {
              "datasource": {
                "type": "prometheus",
                "uid": "${DS_LXD}"
              },
              "exemplar": true,
              "expr": "rate(lxd_network_receive_bytes_total{device=\"lo\",job=\"$job\",project=\"$project\",name=\"$name\"}[$__rate_interval])*8",
              "hide": true,
              "interval": "",
              "intervalFactor": 1,
              "legendFormat": "RX {{device}}",
              "refId": "D"
            }
          ],
          "title": "Network Traffic",
          "transformations": [],
          "transparent": true,
          "type": "timeseries"
        },
        {
          "fieldConfig": {
            "defaults": {
              "color": {
                "mode": "palette-classic"
              },
              "custom": {
                "axisLabel": "",
                "axisPlacement": "auto",
                "barAlignment": 0,
                "drawStyle": "line",
                "fillOpacity": 40,
                "gradientMode": "opacity",
                "hideFrom": {
                  "legend": false,
                  "tooltip": false,
                  "viz": false
                },
                "lineInterpolation": "linear",
                "lineWidth": 1,
                "pointSize": 5,
                "scaleDistribution": {
                  "type": "linear"
                },
                "showPoints": "never",
                "spanNulls": false,
                "stacking": {
                  "group": "A",
                  "mode": "none"
                },
                "thresholdsStyle": {
                  "mode": "off"
                }
              },
              "links": [],
              "mappings": [],
              "thresholds": {
                "mode": "absolute",
                "steps": [
                  {
                    "color": "green"
                  }
                ]
              },
              "unit": "pps"
            },
            "overrides": [
              {
                "matcher": {
                  "id": "byFrameRefID",
                  "options": "B"
                },
                "properties": [
                  {
                    "id": "color",
                    "value": {
                      "fixedColor": "semi-dark-blue",
                      "mode": "fixed"
                    }
                  },
                  {
                    "id": "custom.transform",
                    "value": "negative-Y"
                  }
                ]
              }
            ]
          },
          "gridPos": {
            "h": 5,
            "w": 12,
            "x": 12,
            "y": 77
          },
          "id": 357,
          "links": [],
          "options": {
            "legend": {
              "calcs": [],
              "displayMode": "hidden",
              "placement": "bottom"
            },
            "tooltip": {
              "mode": "multi",
              "sort": "none"
            }
          },
          "pluginVersion": "8.1.1",
          "targets": [
            {
              "datasource": {
                "type": "prometheus",
                "uid": "${DS_LXD}"
              },
              "exemplar": true,
              "expr": "rate(lxd_network_transmit_packets_total{device!=\"lo\",job=\"$job\",project=\"$project\",name=\"$name\"}[$__rate_interval])",
              "format": "time_series",
              "interval": "",
              "intervalFactor": 1,
              "legendFormat": "TX {{device}}",
              "refId": "A",
              "step": 240
            },
            {
              "datasource": {
                "type": "prometheus",
                "uid": "${DS_LXD}"
              },
              "exemplar": true,
              "expr": "rate(lxd_network_receive_packets_total{device!=\"lo\",job=\"$job\",project=\"$project\",name=\"$name\"}[$__rate_interval])",
              "format": "time_series",
              "interval": "",
              "intervalFactor": 1,
              "legendFormat": "RX {{device}}",
              "refId": "B",
              "step": 240
            },
            {
              "datasource": {
                "type": "prometheus",
                "uid": "${DS_LXD}"
              },
              "exemplar": true,
              "expr": "rate(lxd_network_transmit_packets_total{device=\"lo\",job=\"$job\",project=\"$project\",name=\"$name\"}[$__rate_interval])",
              "format": "time_series",
              "hide": true,
              "interval": "",
              "intervalFactor": 1,
              "legendFormat": "TX {{device}}",
              "refId": "C",
              "step": 240
            },
            {
              "datasource": {
                "type": "prometheus",
                "uid": "${DS_LXD}"
              },
              "exemplar": true,
              "expr": "rate(lxd_network_receive_packets_total{device=\"lo\",job=\"$job\",project=\"$project\",name=\"$name\"}[$__rate_interval])",
              "format": "time_series",
              "hide": true,
              "interval": "",
              "intervalFactor": 1,
              "legendFormat": "RX {{device}}",
              "refId": "D",
              "step": 240
            }
          ],
          "title": "Network Packets/s",
          "transparent": true,
          "type": "timeseries"
        },
        {
          "datasource": {
            "type": "prometheus",
            "uid": "${DS_LXD}"
          },
          "fieldConfig": {
            "defaults": {
              "color": {
                "mode": "palette-classic"
              },
              "custom": {
                "axisLabel": "",
                "axisPlacement": "auto",
                "barAlignment": 0,
                "drawStyle": "line",
                "fillOpacity": 40,
                "gradientMode": "opacity",
                "hideFrom": {
                  "legend": false,
                  "tooltip": false,
                  "viz": false
                },
                "lineInterpolation": "linear",
                "lineWidth": 1,
                "pointSize": 5,
                "scaleDistribution": {
                  "type": "linear"
                },
                "showPoints": "never",
                "spanNulls": false,
                "stacking": {
                  "group": "A",
                  "mode": "none"
                },
                "thresholdsStyle": {
                  "mode": "off"
                }
              },
              "links": [],
              "mappings": [],
              "thresholds": {
                "mode": "absolute",
                "steps": [
                  {
                    "color": "green"
                  },
                  {
                    "color": "red",
                    "value": 1
                  }
                ]
              },
              "unit": "pps"
            },
            "overrides": []
          },
          "gridPos": {
            "h": 5,
            "w": 12,
            "x": 12,
            "y": 82
          },
          "id": 346,
          "links": [],
          "options": {
            "legend": {
              "calcs": [
                "max"
              ],
              "displayMode": "hidden",
              "placement": "bottom"
            },
            "tooltip": {
              "mode": "multi",
              "sort": "none"
            }
          },
          "pluginVersion": "8.1.1",
          "targets": [
            {
              "expr": "rate(lxd_network_receive_errs_total{device!=\"lo\",job=\"$job\",project=\"$project\",name=\"$name\"}[$__rate_interval])",
              "format": "time_series",
              "interval": "",
              "intervalFactor": 1,
              "legendFormat": "{{device}} - RX errors",
              "refId": "A",
              "step": 240
            },
            {
              "expr": "rate(lxd_network_transmit_errs_total{device!=\"lo\",job=\"$job\",project=\"$project\",name=\"$name\"}[$__rate_interval])",
              "format": "time_series",
              "interval": "",
              "intervalFactor": 1,
              "legendFormat": "{{device}} - TX errors",
              "refId": "B",
              "step": 240
            },
            {
              "expr": "rate(lxd_network_receive_drop_total{device!=\"lo\",job=\"$job\",project=\"$project\",name=\"$name\"}[$__rate_interval])",
              "format": "time_series",
              "hide": false,
              "interval": "",
              "intervalFactor": 1,
              "legendFormat": "{{device}} - RX drop",
              "refId": "C",
              "step": 240
            },
            {
              "expr": "rate(lxd_network_transmit_drop_total{device!=\"lo\",job=\"$job\",project=\"$project\",name=\"$name\"}[$__rate_interval])",
              "format": "time_series",
              "hide": false,
              "interval": "",
              "intervalFactor": 1,
              "legendFormat": "{{device}} - TX drop",
              "refId": "D",
              "step": 240
            }
          ],
          "title": "Network Errors & Drops",
          "transparent": true,
          "type": "timeseries"
        }
      ],
      "repeat": "name",
      "title": "Instance: $name",
      "type": "row"
    }
  ],
  "refresh": false,
  "schemaVersion": 35,
  "style": "dark",
  "tags": [],
  "templating": {
    "list": [
      {
        "current": {},
        "datasource": {
          "type": "prometheus",
          "uid": "${DS_LXD}"
        },
        "definition": "label_values(lxd_procs_total, job)",
        "hide": 0,
        "includeAll": false,
        "label": "Job",
        "multi": false,
        "name": "job",
        "options": [],
        "query": {
          "query": "label_values(lxd_procs_total, job)",
          "refId": "StandardVariableQuery"
        },
        "refresh": 1,
        "regex": "",
        "skipUrlSync": false,
        "sort": 1,
        "tagValuesQuery": "",
        "tagsQuery": "",
        "type": "query",
        "useTags": false
      },
      {
        "current": {},
        "datasource": {
          "type": "prometheus",
          "uid": "${DS_LXD}"
        },
        "definition": "label_values(lxd_procs_total{job=\"$job\"}, project)",
        "description": "Name of the project",
        "hide": 0,
        "includeAll": false,
        "label": "Project",
        "multi": false,
        "name": "project",
        "options": [],
        "query": {
          "query": "label_values(lxd_procs_total{job=\"$job\"}, project)",
          "refId": "StandardVariableQuery"
        },
        "refresh": 1,
        "regex": "",
        "skipUrlSync": false,
        "sort": 1,
        "tagValuesQuery": "",
        "tagsQuery": "",
        "type": "query",
        "useTags": false
      },
      {
        "allValue": "",
        "current": {},
        "datasource": {
          "type": "prometheus",
          "uid": "${DS_LXD}"
        },
        "definition": "label_values(lxd_procs_total{job=\"$job\",project=\"$project\"}, name)",
        "description": "Name of the instance",
        "hide": 0,
        "includeAll": true,
        "label": "Instance",
        "multi": true,
        "name": "name",
        "options": [],
        "query": {
          "query": "label_values(lxd_procs_total{job=\"$job\",project=\"$project\"}, name)",
          "refId": "StandardVariableQuery"
        },
        "refresh": 1,
        "regex": "",
        "skipUrlSync": false,
        "sort": 1,
        "tagValuesQuery": "",
        "tagsQuery": "",
        "type": "query",
        "useTags": false
      },
      {
        "current": {
          "selected": false,
          "text": "5",
          "value": "5"
        },
        "description": "Number of instances to include in pie charts",
        "hide": 0,
        "includeAll": false,
        "label": "Top",
        "multi": false,
        "name": "top",
        "options": [
          {
            "selected": false,
            "text": "3",
            "value": "3"
          },
          {
            "selected": false,
            "text": "4",
            "value": "4"
          },
          {
            "selected": true,
            "text": "5",
            "value": "5"
          },
          {
            "selected": false,
            "text": "10",
            "value": "10"
          },
          {
            "selected": false,
            "text": "15",
            "value": "15"
          },
          {
            "selected": false,
            "text": "20",
            "value": "20"
          }
        ],
        "query": "3, 4, 5, 10, 15, 20",
        "queryValue": "",
        "skipUrlSync": false,
        "type": "custom"
      }
    ]
  },
  "time": {
    "from": "now-6h",
    "to": "now"
  },
  "timepicker": {
    "refresh_intervals": [
      "1m",
      "5m",
      "15m",
      "30m",
      "1h",
      "2h",
      "1d"
    ]
  },
  "timezone": "",
  "title": "LXD",
  "uid": "bGY-LSB7k",
  "version": 13,
  "weekStart": ""
}
